Question,Knowledge,Answer
booking 玉山卡 優惠,"Booking.com 台灣玉山銀行信用卡，享6~10%刷卡金回饋 (依各飯店折扣標籤為準)，訂房時輸入玉山VISA/Mastercard卡號，並於入住時使用同一張玉山信用卡付款，活動期間至2023/12/31，需於2024/2/28前退房完成，活動說明>>Booking.com 玉山活動頁>>
Booking.com 台灣樂天信用卡，享10%刷卡金回饋，活動至2023/12/31，需於2024/3/31前退房 :Booking.com 樂天活動頁>>
Booking.com 台灣國泰世華信用卡，享6~10%刷卡金回饋 (依各飯店折扣標籤為準)，訂房時輸入國泰世華VISA/Mastercard卡號，並於入住時使用同一張國泰世華信用卡付款，活動期間至 2023/12/31，需於2024/3/31前退房，活動說明>>Booking.com 活動頁>>
Booking.com 台灣新光銀行信用卡，享7%刷卡金回饋，活動至2023/12/31，需於2024/3/31前退房 :Booking.com 新光活動頁>>
Booking.com 入住 28晚 或 30 晚以上的長住優惠活動，包括飯店/服務式公寓/度假屋等各類型，前往查看活動 >> (https://coupf.com/MmFnQ)
Booking.com 日本必遊企劃:東京指南>>大阪指南>>京都指南>>",Booking.com 臺灣玉山銀行信用卡的優惠是享有6~10%的刷卡金回饋，具體回饋金額依各飯店折扣標籤為準。在訂房時，您需要輸入玉山VISA/Mastercard卡號，並在入住時使用同一張玉山信用卡付款。此優惠活動的期間為至2023年12月31日，需在2024年2月28日前完成退房。您可以前往Booking.com的玉山活動頁面獲取更詳細的活動說明。
booking 永豐 優惠,"Booking.com 台灣永豐銀行信用卡，全卡友享最高10%刷卡金回饋(不同飯店回饋金不同，實際回饋金額在訂房時顯示)，活動至2023/12/31，需於2025/3/31前退房，Booking.com 永豐活動頁>>
Booking.com 入住 28晚 或 30 晚以上的長住優惠活動，包括飯店/服務式公寓/度假屋等各類型，前往查看活動 >> (https://coupf.com/MmFnQ)
Booking.com 日本必遊企劃:東京指南>>大阪指南>>京都指南>>
Booking.com 台灣滙豐銀行信用卡，享10%刷卡金回饋，活動至2024/3/31，需於2024/6/30前退房，活動說明>>Booking.com 滙豐活動頁>>
Booking.com2023年中大優惠，全球精選住宿享至少 15% OFF，優惠至2023/9/28，入住期限 2023/4/4~2023/9/28，前往查看活動 >> (https://coupf.com/KEIi3)
Booking.com 香港滙豐銀行信用卡，享10%刷卡金回饋，活動至2023/12/31，需於2024/6/30前退房，活動說明>>Booking.com 滙豐活動頁>>",Booking.com 臺灣永豐銀行信用卡的優惠是全卡友享最高10%刷卡金回饋，不同飯店的回饋金額可能有所不同，實際回饋金額會在訂房時顯示。此優惠活動有效期至2023年12月31日，需在2025年3月31日前退房。您可以前往Booking.com的永豐活動頁面瞭解更多詳情。
